chr,snpOrder,snpID,windowSize,startPosition,endPosition,AB_AA:AA,AB_AA:AB,AB_BB:AB,AB_BB:BB,AA_AB:AA,AA_AB:AB,BB_AB:AB,BB_AB:BB,AB_AB:AA,AB_AB:AB,AB_AB:BB,AA_AA:AA,AA_BB:AB,BB_AA:AB,BB_BB:BB,haplotype,haplotypeFreq,numSires,numDams,hSires,hDams,numProg
1,1,SNP1,3,100,125,0,0,0,1,0,0,0,0,0,0,0,0,0,0,1,222,.125,2,1,2,0,0
1,1,SNP1,3,100,125,0,0,1,1,0,0,0,0,0,0,0,0,0,0,0,122,.250,2,1,3,0,1
1,1,SNP1,3,100,125,0,0,0,0,0,0,0,2,0,0,0,0,0,0,0,121,.125,2,1,0,2,0
1,1,SNP1,3,100,125,0,0,0,0,0,0,0,2,0,0,0,0,0,0,0,112,.125,2,1,0,2,0
1,1,SNP1,3,100,125,0,0,1,0,0,0,0,0,0,0,0,0,0,0,0,211,.250,2,1,1,0,2
1,1,SNP1,3,100,125,0,0,0,0,0,0,0,0,0,0,0,0,0,0,1,212,.125,2,1,0,0,1
2,4,SNP1,3,135,165,0,0,0,1,0,0,0,0,0,0,0,0,1,0,0,221,.250,2,1,3,0,1
2,4,SNP1,3,135,165,0,0,0,0,0,0,0,2,0,0,0,0,0,0,0,211,.125,2,1,0,2,0
2,4,SNP1,3,135,165,0,0,0,0,0,0,1,1,0,0,0,0,0,0,0,122,.250,2,1,0,2,1
2,4,SNP1,3,135,165,0,0,1,0,0,0,0,0,0,0,0,0,0,0,0,112,.250,2,1,1,0,2
2,5,SNP2,3,140,170,0,0,0,1,0,0,0,0,0,0,0,0,0,0,1,212,.125,2,1,2,0,0
2,5,SNP2,3,140,170,0,0,1,1,0,0,0,0,0,0,0,0,0,0,0,211,.250,2,1,3,0,1
2,5,SNP2,3,140,170,0,0,0,0,0,0,0,2,0,0,0,0,0,0,0,112,.125,2,1,0,2,0
2,5,SNP2,3,140,170,0,0,0,0,0,0,0,2,0,0,0,0,0,0,0,221,.125,2,1,0,2,0
2,5,SNP2,3,140,170,0,0,0,1,0,0,0,0,0,0,0,0,0,0,0,121,.125,2,1,1,0,1
2,5,SNP2,3,140,170,0,0,0,0,0,0,0,0,0,0,0,0,0,0,1,222,.125,2,1,0,0,1
2,5,SNP2,3,140,170,0,0,0,0,0,0,0,0,0,0,0,0,0,0,1,122,.125,2,1,0,0,1
3,8,SNP1,3,280,300,0,0,0,0,0,0,0,1,0,0,1,0,0,0,0,121,.250,2,1,2,2,0
3,8,SNP1,3,280,300,0,0,1,1,0,0,0,0,0,0,0,0,0,0,0,111,.250,2,1,3,0,1
3,8,SNP1,3,280,300,0,0,0,0,0,0,0,2,0,0,0,0,0,0,0,212,.125,2,1,0,2,0
3,8,SNP1,3,280,300,0,0,0,1,0,0,0,0,0,0,0,0,0,0,0,211,.125,2,1,1,0,1
3,8,SNP1,3,280,300,0,0,0,0,0,0,0,0,0,0,0,0,0,0,1,222,.125,2,1,0,0,1
3,8,SNP1,3,280,300,0,0,0,0,0,0,0,0,0,0,0,0,0,0,1,221,.125,2,1,0,0,1
